{"cameraMode":{"drawMode":0,"name":"Shaded","section":"Shading Mode"},"sceneLighting":false,"audioPlay":false,"sceneViewState":{"m_AlwaysRefresh":false,"showFog":true,"showSkybox":false,"showFlares":true,"showImageEffects":true,"showParticleSystems":true,"showVisualEffectGraphs":true,"m_FxEnabled":true},"in2DMode":false,"pivot":{"x":3.5036511421203615,"y":9.495895385742188,"z":8.301552772521973},"rotation":{"x":0.08668504655361176,"y":-0.4787867069244385,"z":0.047495320439338687,"w":0.8724108934402466},"size":1.7320516109466553,"orthographic":true}