{"cameraMode":{"drawMode":0,"name":"Shaded","section":"Shading Mode"},"sceneLighting":true,"audioPlay":false,"sceneViewState":{"m_AlwaysRefresh":false,"showFog":true,"showSkybox":true,"showFlares":true,"showImageEffects":true,"showParticleSystems":true,"showVisualEffectGraphs":true,"m_FxEnabled":true},"in2DMode":false,"pivot":{"x":-33.83534622192383,"y":14.590232849121094,"z":7.779448509216309},"rotation":{"x":0.24919036030769349,"y":-0.3793364465236664,"z":0.10672594606876373,"w":0.8847313523292542},"size":31.149160385131837,"orthographic":true}